CreatedDateTime,UserPrincipalName,IpAddress,AppDisplayName,ClientAppUsed,UserAgent,DeviceDetail.deviceId,CorrelationId,ResultType,Status.errorCode,Status.failureReason,Status.additionalDetails,RiskLevelAggregated,RiskState,RiskDetail,Location.countryOrRegion,Location.state,Location.city,ConditionalAccessStatus,AuthenticationRequirement,MfaDetail.authMethod,MfaDetail.authDetail,ResourceDisplayName,TenantId,UserId,SignInEventTypes,AppliedConditionalAccessPolicies,AuthenticationDetails,ServicePrincipalId,ServicePrincipalName,ManagedIdentityId
2025-12-24T03:59:00Z,svc.backup@evilcorp.com,83.45.12.34,Exchange Online,Other clients,Mozilla/5.0 (Linux; Android 14) AppleWebKit/537.36 Chrome/119.0 Mobile,,bd77a80a-4299-4e6c-9662-79cb70712ee9,0,0,,,none,none,none,ES,Catalonia,Barcelona,success,none,,OTP,SharePoint,65a4f49f-3e0d-4b25-a54c-006bee4907ee,2c9eb0ca-8572-4444-b8c0-2a66ccdd349f,nonInteractiveUser,"[{""id"": ""3de41e92-8708-4fae-87fa-4c3b937534de"", ""displayName"": ""Require MFA for admins"", ""enforcedGrantControls"": [""mfa"", ""compliantDevice""], ""result"": ""failure""}]","[{""authenticationStepDateTime"": ""2026-01-08T15:49:00Z"", ""authenticationMethod"": ""Password"", ""authenticationMethodDetail"": ""Password"", ""authenticationStepResultDetail"": ""Success"", ""succeeded"": true}]",4fc99bcb-c209-4ae4-8b6d-b24e6d0a6819,svc-payroll,
2025-12-13T18:42:00Z,cfo@evilcorp.com,83.45.12.34,Microsoft 365 Admin Center,Other clients,Mozilla/5.0 (Linux; Android 14) AppleWebKit/537.36 Chrome/119.0 Mobile,,8d0e4573-33a7-4e55-acaa-fe4ee008572c,0,0,,,none,none,none,ES,Madrid,Madrid,unknown,multiFactorAuthentication,FIDO2,Push,Office 365 Exchange Online,67284799-3552-4b26-8153-bc2c2dfd0dfc,f68f1e8b-1d02-4fea-a2d8-617ca02b70da,nonInteractiveUser,[],"[{""authenticationStepDateTime"": ""2026-01-07T18:22:00Z"", ""authenticationMethod"": ""Password"", ""authenticationMethodDetail"": ""Password"", ""authenticationStepResultDetail"": ""Success"", ""succeeded"": true}, {""authenticationStepDateTime"": ""2026-01-07T10:34:00Z"", ""authenticationMethod"": ""SMS"", ""authenticationMethodDetail"": ""Security Key"", ""authenticationStepResultDetail"": ""Success"", ""succeeded"": true}]",5e717829-3507-4c0c-8860-6759d81c274d,svc-backup,
2025-12-24T18:26:00Z,cfo@evilcorp.com,2.139.88.10,Azure Portal,POP3,Mozilla/5.0 (Linux; Android 14) AppleWebKit/537.36 Chrome/119.0 Mobile,20a04645-f329-4035-b1eb-b032590bc71d,8090690b-6ce8-4c5d-a847-2d71326e2f26,50074,50074,MFA required.,AccountLocked,none,none,none,ES,Catalonia,Barcelona,notApplied,none,FIDO2,,Office 365 Exchange Online,323ca24e-5388-4995-b638-1451a884e8ed,90082d89-c5f2-4c9f-88f7-07c95ed5aecc,nonInteractiveUser,"[{""id"": ""dce98a81-5e85-497b-8fb2-051892a1313b"", ""displayName"": ""Require compliant device"", ""enforcedGrantControls"": [""mfa"", ""compliantDevice""], ""result"": ""failure""}, {""id"": ""2ab214b6-c0a2-4f8c-bf7a-b990a539cf22"", ""displayName"": ""Require MFA for admins"", ""enforcedGrantControls"": [""compliantDevice""], ""result"": ""failure""}, {""id"": ""9956e426-edea-442d-a342-9e6415fad8f7"", ""displayName"": ""Block legacy auth"", ""enforcedGrantControls"": [""compliantDevice""], ""result"": ""failure""}]","[{""authenticationStepDateTime"": ""2026-01-08T23:27:00Z"", ""authenticationMethod"": ""Password"", ""authenticationMethodDetail"": ""Password"", ""authenticationStepResultDetail"": ""Success"", ""succeeded"": true}]",96240381-b88b-43d9-9212-2fb7808d8ebf,svc-backup,96682b36-ce4a-4818-9219-6bf6bf970b5a
2025-12-12T02:32:00Z,svc.backup@evilcorp.com,5.62.41.22,Microsoft Teams,Other clients,Microsoft Office/16.0 (Windows NT 10.0; Microsoft Outlook 16.0.17029; Pro),7cd2890e-a721-49b2-a1be-3c62bc705168,ec0f2b57-971f-4280-9e0b-da50eb41c167,50074,50074,Token issuer anomaly detected.,MFARequired,none,none,none,NL,North Holland,Amsterdam,failure,none,SMS,Push,Microsoft Graph,fc37111c-756e-4c23-98ad-bfc9cc52a8e3,8ef705df-5499-4def-bf16-a1248aa77c3d,nonInteractiveUser,"[{""id"": ""c88b2940-9672-4955-a492-c54682dd3f43"", ""displayName"": ""Require MFA for admins"", ""enforcedGrantControls"": [""mfa""], ""result"": ""notApplied""}, {""id"": ""57c66c6d-ae08-433e-a4ac-1a0784448bd9"", ""displayName"": ""Block legacy auth"", ""enforcedGrantControls"": [""mfa""], ""result"": ""success""}, {""id"": ""e87cd437-c1a4-443e-8c91-1e091b2a4d16"", ""displayName"": ""Require compliant device"", ""enforcedGrantControls"": [""mfa""], ""result"": ""notApplied""}]","[{""authenticationStepDateTime"": ""2026-01-08T19:24:00Z"", ""authenticationMethod"": ""Password"", ""authenticationMethodDetail"": ""Password"", ""authenticationStepResultDetail"": ""Success"", ""succeeded"": true}, {""authenticationStepDateTime"": ""2026-01-07T05:28:00Z"", ""authenticationMethod"": ""Microsoft Authenticator"", ""authenticationMethodDetail"": ""Security Key"", ""authenticationStepResultDetail"": ""User did not respond"", ""succeeded"": true}]",dc1a1cda-adfe-4158-a3b6-6a8a1a148203,svc-payroll,
2025-12-23T00:59:00Z,svc.backup@evilcorp.com,185.199.110.42,Microsoft Teams,Browser,Mozilla/5.0 (Linux; Android 14) AppleWebKit/537.36 Chrome/119.0 Mobile,,5253e4d5-6cf5-48b2-97a2-454a107f685a,50058,50058,MFA required.,InvalidGrant,none,none,none,FR,Île-de-France,Paris,notApplied,multiFactorAuthentication,Authenticator,Push,Office 365 Exchange Online,ae764827-f91d-4a46-968e-602a291165ad,9d92d574-f58d-4c0d-a431-9a3860819fb2,nonInteractiveUser,"[{""id"": ""68e68b40-f838-433c-b4d8-cb5792383e9f"", ""displayName"": ""Block legacy auth"", ""enforcedGrantControls"": [""compliantDevice""], ""result"": ""failure""}]","[{""authenticationStepDateTime"": ""2026-01-08T04:51:00Z"", ""authenticationMethod"": ""Password"", ""authenticationMethodDetail"": ""Password"", ""authenticationStepResultDetail"": ""Success"", ""succeeded"": true}]",90b66245-d55a-48b5-b137-8c2dc820c314,svc-payroll,
2025-12-13T04:05:00Z,bob@evilcorp.com,20.190.128.12,SharePoint Online,Exchange ActiveSync,Microsoft Office/16.0 (Windows NT 10.0; Microsoft Outlook 16.0.17029; Pro),,7c6ad78c-ee4f-4443-902f-f35a511d4855,0,0,,,none,none,none,US,Virginia,Ashburn,unknown,multiFactorAuthentication,Authenticator,OTP,SharePoint,77b59ee2-8f64-4362-95d2-bbbbea95580d,dc9ca31e-4ad2-43c5-b28f-1dcda0d2eab6,nonInteractiveUser,"[{""id"": ""b5b71619-46e0-4491-a46f-9c2cb894fd7b"", ""displayName"": ""Require compliant device"", ""enforcedGrantControls"": [""mfa"", ""compliantDevice""], ""result"": ""failure""}]","[{""authenticationStepDateTime"": ""2026-01-09T17:14:00Z"", ""authenticationMethod"": ""Password"", ""authenticationMethodDetail"": ""Password"", ""authenticationStepResultDetail"": ""Success"", ""succeeded"": true}, {""authenticationStepDateTime"": ""2026-01-07T09:50:00Z"", ""authenticationMethod"": ""SMS"", ""authenticationMethodDetail"": ""Security Key"", ""authenticationStepResultDetail"": ""User did not respond"", ""succeeded"": false}]",eaf059a7-6a6b-4db3-bd4b-18be3baf3056,svc-payroll,
2025-12-25T04:08:00Z,bob@evilcorp.com,83.45.12.34,Microsoft Teams,Browser,Mozilla/5.0 (Linux; Android 14) AppleWebKit/537.36 Chrome/119.0 Mobile,14fe9743-5c4d-482d-8baa-8cdd8a92f5ae,f5373b6c-ef48-472d-901d-50824310e109,0,0,,,low,confirmedSafe,anonymousIPAddress,US,Virginia,Ashburn,success,multiFactorAuthentication,FIDO2,Security Key,SharePoint,4a513567-6ed7-4adf-95de-b432664a4d6a,dce893f3-7088-4ded-a12d-0e1f6810332a,nonInteractiveUser,"[{""id"": ""960aa6f6-bb68-4f24-a1a3-87b267c468f7"", ""displayName"": ""Require MFA for admins"", ""enforcedGrantControls"": [""mfa"", ""compliantDevice""], ""result"": ""notApplied""}, {""id"": ""d71a2a82-bebf-4180-a20a-05cf1612f87d"", ""displayName"": ""Block legacy auth"", ""enforcedGrantControls"": [""mfa"", ""compliantDevice""], ""result"": ""failure""}]","[{""authenticationStepDateTime"": ""2026-01-09T08:20:00Z"", ""authenticationMethod"": ""Password"", ""authenticationMethodDetail"": ""Password"", ""authenticationStepResultDetail"": ""Success"", ""succeeded"": true}, {""authenticationStepDateTime"": ""2026-01-09T17:58:00Z"", ""authenticationMethod"": ""Microsoft Authenticator"", ""authenticationMethodDetail"": ""Push"", ""authenticationStepResultDetail"": ""User did not respond"", ""succeeded"": true}]",11f34bfa-6765-4714-9609-3321fb0cc707,svc-etl,
2025-12-24T03:17:00Z,it.admin@evilcorp.com,83.45.12.34,Microsoft Teams,POP3,Mozilla/5.0 (Linux; Android 14) AppleWebKit/537.36 Chrome/119.0 Mobile,,d550d0c0-48d3-484d-b3f4-0c81b0bcaad9,0,0,,,none,none,none,NL,North Holland,Amsterdam,failure,singleFactorAuthentication,,Push,Office 365 Exchange Online,6a2e8637-dc46-4e33-a2bc-2ab435e78dd2,a0ad2413-1832-477e-9d7d-514b97f53cd3,nonInteractiveUser,"[{""id"": ""996b5b18-6eae-4b0c-a232-868f13cf7375"", ""displayName"": ""Require compliant device"", ""enforcedGrantControls"": [""mfa""], ""result"": ""failure""}, {""id"": ""6e93aecd-aa21-4c27-bb4a-fefe77ca6a15"", ""displayName"": ""Require compliant device"", ""enforcedGrantControls"": [""mfa"", ""compliantDevice""], ""result"": ""notApplied""}, {""id"": ""4fdddca4-e7c8-4479-860f-42cc5c930261"", ""displayName"": ""Block legacy auth"", ""enforcedGrantControls"": [""compliantDevice""], ""result"": ""success""}]","[{""authenticationStepDateTime"": ""2026-01-09T02:47:00Z"", ""authenticationMethod"": ""Password"", ""authenticationMethodDetail"": ""Password"", ""authenticationStepResultDetail"": ""Success"", ""succeeded"": true}]",891c74fa-f025-4d7b-b036-c22f851ac759,svc-payroll,358fd5c3-dc6d-48e7-8935-4a5b7930ce91
2025-12-31T15:18:00Z,cfo@evilcorp.com,104.26.12.88,Microsoft Teams,IMAP4,Mozilla/5.0 (Linux; Android 14) AppleWebKit/537.36 Chrome/119.0 Mobile,,44f44c7d-d8f1-4271-a455-1920f902adb8,0,0,,,none,none,none,DE,Berlin,Berlin,unknown,none,Authenticator,Push,Office 365 Exchange Online,2ef17afc-a03e-4964-a891-c5700ae9d411,41558a1f-57a2-4ec4-9515-e54b9e5b42df,nonInteractiveUser,"[{""id"": ""4858b8b1-44a3-43b2-9bbf-fd2946f480a5"", ""displayName"": ""Block legacy auth"", ""enforcedGrantControls"": [""mfa"", ""compliantDevice""], ""result"": ""notApplied""}, {""id"": ""dcc4bca9-df2c-4ea5-b7de-bfec0b0c4b56"", ""displayName"": ""Block legacy auth"", ""enforcedGrantControls"": [""mfa""], ""result"": ""success""}, {""id"": ""7645f21b-d4d9-428f-85e1-95ab27104b86"", ""displayName"": ""Require MFA for admins"", ""enforcedGrantControls"": [""mfa""], ""result"": ""failure""}]","[{""authenticationStepDateTime"": ""2026-01-07T20:55:00Z"", ""authenticationMethod"": ""Password"", ""authenticationMethodDetail"": ""Password"", ""authenticationStepResultDetail"": ""Success"", ""succeeded"": true}, {""authenticationStepDateTime"": ""2026-01-08T11:02:00Z"", ""authenticationMethod"": ""SMS"", ""authenticationMethodDetail"": ""OTP"", ""authenticationStepResultDetail"": ""MFA required but not satisfied"", ""succeeded"": true}]",f121561a-884f-43cc-a03f-4543485c4ca3,svc-payroll,
2025-12-14T10:53:00Z,cfo@evilcorp.com,2.139.88.10,Microsoft Teams,Browser,Mozilla/5.0 (Linux; Android 14) AppleWebKit/537.36 Chrome/119.0 Mobile,594bc837-2712-4ed9-aab3-fdd5706e32bf,e5c27b82-b58e-4ce2-8a9b-19e68a5c05d2,50053,50053,Invalid username or password.,StrongAuthenticationRequired,none,none,none,FR,Île-de-France,Paris,failure,singleFactorAuthentication,SMS,,Microsoft Graph,a6ff4cca-7b0b-4daf-b4b8-8eddd73b1733,ff522e89-1f60-4b8a-aa03-fce4f2c3fb33,nonInteractiveUser,"[{""id"": ""16bd7233-3f73-4194-ba1d-a6bb827e67b2"", ""displayName"": ""Require MFA for admins"", ""enforcedGrantControls"": [""mfa""], ""result"": ""failure""}]","[{""authenticationStepDateTime"": ""2026-01-10T02:10:00Z"", ""authenticationMethod"": ""Password"", ""authenticationMethodDetail"": ""Password"", ""authenticationStepResultDetail"": ""Success"", ""succeeded"": true}]",435f6048-e5c0-49c7-91fc-a167ac1767ab,svc-payroll,
2025-12-12T04:49:00Z,alice@evilcorp.com,83.45.12.34,SharePoint Online,IMAP4,Mozilla/5.0 (Windows NT 10.0; Win64; x64) AppleWebKit/537.36 Chrome/120.0,,eef70826-0555-47cb-a000-7aa6f2b16e06,0,0,,,none,none,none,US,Virginia,Ashburn,success,multiFactorAuthentication,SMS,Push,Microsoft Graph,39aa60da-71dc-4bbd-be46-42f2e21faf79,c65784fd-b0a5-4d89-aba4-f9eba77fe0f2,nonInteractiveUser,"[{""id"": ""9a377518-35d6-4b88-8df7-168bedab9d80"", ""displayName"": ""Require compliant device"", ""enforcedGrantControls"": [""mfa"", ""compliantDevice""], ""result"": ""success""}, {""id"": ""88130847-b04d-4dd8-8d41-0c196d645500"", ""displayName"": ""Require compliant device"", ""enforcedGrantControls"": [""mfa""], ""result"": ""success""}, {""id"": ""513ef52d-cb19-4270-ab95-f2c8beb3f896"", ""displayName"": ""Block legacy auth"", ""enforcedGrantControls"": [""mfa"", ""compliantDevice""], ""result"": ""notApplied""}]","[{""authenticationStepDateTime"": ""2026-01-07T10:13:00Z"", ""authenticationMethod"": ""Password"", ""authenticationMethodDetail"": ""Password"", ""authenticationStepResultDetail"": ""Success"", ""succeeded"": true}, {""authenticationStepDateTime"": ""2026-01-09T05:27:00Z"", ""authenticationMethod"": ""Microsoft Authenticator"", ""authenticationMethodDetail"": ""Push"", ""authenticationStepResultDetail"": ""MFA required but not satisfied"", ""succeeded"": true}]",9d8dd6a3-54c0-4d12-8654-d3072836d7bc,svc-backup,
2025-12-24T03:36:00Z,svc.backup@evilcorp.com,2.139.88.10,Graph Explorer,Exchange ActiveSync,Mozilla/5.0 (Windows NT 10.0; Win64; x64) AppleWebKit/537.36 Chrome/120.0,715e6706-0dee-4bd0-945e-947dc25dad5d,0e72a6a4-4e5b-4c6f-9c1a-4871d24dc1b7,0,0,,,none,none,none,ES,Madrid,Madrid,unknown,singleFactorAuthentication,SMS,Security Key,SharePoint,1fa7cf9c-f38e-4d77-8539-03b75a23ad16,d0bf7ddb-74fc-4213-82a5-0b212b2e0b03,nonInteractiveUser,"[{""id"": ""8269521a-2ec0-4fa7-abaf-2afa54ac1cf0"", ""displayName"": ""Block legacy auth"", ""enforcedGrantControls"": [""mfa"", ""compliantDevice""], ""result"": ""failure""}]","[{""authenticationStepDateTime"": ""2026-01-09T00:40:00Z"", ""authenticationMethod"": ""Password"", ""authenticationMethodDetail"": ""Password"", ""authenticationStepResultDetail"": ""Success"", ""succeeded"": true}, {""authenticationStepDateTime"": ""2026-01-07T06:10:00Z"", ""authenticationMethod"": ""SMS"", ""authenticationMethodDetail"": ""OTP"", ""authenticationStepResultDetail"": ""Success"", ""succeeded"": true}]",99959f4e-a04f-4f2a-966e-6cf3dd6075eb,svc-etl,4f723f3a-9133-4c2a-b0bc-8a9a74e0456a
2025-12-21T18:14:00Z,it.admin@evilcorp.com,104.26.12.88,Graph Explorer,Exchange ActiveSync,Microsoft Office/16.0 (Windows NT 10.0; Microsoft Outlook 16.0.17029; Pro),6fcc8f93-d674-4615-a11f-c4a82ffd568b,31415671-41d7-4df0-9d3c-8987bac15457,50053,50053,User did not complete MFA.,MFARequired,medium,remediated,tokenIssuerAnomaly,US,Virginia,Ashburn,failure,singleFactorAuthentication,FIDO2,Push,Microsoft Graph,a4b48ff0-e4c4-419b-b88c-0e966de47de4,853bd01a-535f-4f10-a3b1-59583d1304c7,nonInteractiveUser,"[{""id"": ""ff79fdc6-9627-429a-aa78-84fdb4af92ab"", ""displayName"": ""Block legacy auth"", ""enforcedGrantControls"": [""mfa"", ""compliantDevice""], ""result"": ""failure""}, {""id"": ""329bdf13-89a3-4209-a7d1-a1a32e8c0b30"", ""displayName"": ""Require MFA for admins"", ""enforcedGrantControls"": [""mfa"", ""compliantDevice""], ""result"": ""notApplied""}]","[{""authenticationStepDateTime"": ""2026-01-08T17:25:00Z"", ""authenticationMethod"": ""Password"", ""authenticationMethodDetail"": ""Password"", ""authenticationStepResultDetail"": ""Success"", ""succeeded"": true}]",df9bf9ce-0f01-40a5-8646-9aa31f8ccd0c,svc-payroll,
2025-12-30T01:09:00Z,cfo@evilcorp.com,2.139.88.10,Microsoft Teams,Mobile Apps and Desktop clients,Mozilla/5.0 (Linux; Android 14) AppleWebKit/537.36 Chrome/119.0 Mobile,,c89a67c5-f1ec-442e-aceb-63d906de3134,50076,50076,MFA required.,InvalidGrant,none,none,none,ES,Catalonia,Barcelona,unknown,none,SMS,Push,Office 365 Exchange Online,d6f057c9-2f94-4a51-bf92-d411fed1ba51,7e9af71a-b081-49f9-b5ff-8b58733f441c,nonInteractiveUser,"[{""id"": ""46ef140c-ba1d-4e21-97aa-ce096e8a4a23"", ""displayName"": ""Require MFA for admins"", ""enforcedGrantControls"": [""mfa"", ""compliantDevice""], ""result"": ""success""}]","[{""authenticationStepDateTime"": ""2026-01-08T00:20:00Z"", ""authenticationMethod"": ""Password"", ""authenticationMethodDetail"": ""Password"", ""authenticationStepResultDetail"": ""Success"", ""succeeded"": true}, {""authenticationStepDateTime"": ""2026-01-09T13:13:00Z"", ""authenticationMethod"": ""Microsoft Authenticator"", ""authenticationMethodDetail"": ""OTP"", ""authenticationStepResultDetail"": ""MFA required but not satisfied"", ""succeeded"": true}]",a9d0b5b8-17b6-4c21-bf9a-4681438c16c0,svc-backup,9ec02cac-ddfd-4c2c-be53-a7f4265fb79e
2025-12-24T06:24:00Z,alice@evilcorp.com,185.199.110.42,Exchange Online,IMAP4,Mozilla/5.0 (Linux; Android 14) AppleWebKit/537.36 Chrome/119.0 Mobile,,b731d8f0-1808-49cd-9316-086307846550,0,0,,,none,none,none,US,Virginia,Ashburn,failure,none,FIDO2,OTP,Office 365 Exchange Online,c0069574-d61a-41cd-aae3-b7ee189ae25a,7f6bfb45-de7b-4dfc-8fba-1814025ef142,nonInteractiveUser,"[{""id"": ""ae514bbb-d9c1-42bd-9bd6-8934b1d27e6d"", ""displayName"": ""Require MFA for admins"", ""enforcedGrantControls"": [""compliantDevice""], ""result"": ""notApplied""}, {""id"": ""4797f05f-269c-4e0f-82c4-b42cc6defbc7"", ""displayName"": ""Block legacy auth"", ""enforcedGrantControls"": [""mfa"", ""compliantDevice""], ""result"": ""notApplied""}, {""id"": ""837aa3a3-1f18-47cc-8980-abe7c996bf9e"", ""displayName"": ""Require compliant device"", ""enforcedGrantControls"": [""compliantDevice""], ""result"": ""success""}]","[{""authenticationStepDateTime"": ""2026-01-08T15:47:00Z"", ""authenticationMethod"": ""Password"", ""authenticationMethodDetail"": ""Password"", ""authenticationStepResultDetail"": ""Success"", ""succeeded"": true}]",8fc39606-9558-4ef9-96c3-08124aa89d3d,svc-backup,
2026-01-02T05:27:00Z,it.admin@evilcorp.com,2.139.88.10,Microsoft Teams,Mobile Apps and Desktop clients,Mozilla/5.0 (Linux; Android 14) AppleWebKit/537.36 Chrome/119.0 Mobile,3a0a229e-0705-4109-823c-00c9efcb677a,87202071-aaa0-49a7-808b-43ed2b7541d6,0,0,,,none,none,none,NL,North Holland,Amsterdam,failure,multiFactorAuthentication,,OTP,Office 365 Exchange Online,7ae6780f-bf16-4fca-b177-a58ee2e294da,911d57d2-c391-4e60-995a-4876f822f444,nonInteractiveUser,"[{""id"": ""9da8eb75-81ae-41e9-8512-11118e7151c6"", ""displayName"": ""Block legacy auth"", ""enforcedGrantControls"": [""compliantDevice""], ""result"": ""failure""}]","[{""authenticationStepDateTime"": ""2026-01-07T07:24:00Z"", ""authenticationMethod"": ""Password"", ""authenticationMethodDetail"": ""Password"", ""authenticationStepResultDetail"": ""Success"", ""succeeded"": true}]",5bf86f1f-fd94-4a40-8712-26f14f86332d,svc-payroll,
2025-12-24T21:00:00Z,bob@evilcorp.com,2.139.88.10,Exchange Online,Other clients,Mozilla/5.0 (Linux; Android 14) AppleWebKit/537.36 Chrome/119.0 Mobile,dbc01038-a1aa-4faf-bf2b-d27926c90473,f11160e7-b416-4db9-b51c-7400216bdce3,50076,50076,Token issuer anomaly detected.,MFARequired,medium,atRisk,anonymousIPAddress,FR,Île-de-France,Paris,notApplied,singleFactorAuthentication,FIDO2,,Office 365 Exchange Online,8b194773-8931-47a1-ac55-8176c0d54269,18a66415-a074-4b70-b3da-8c0bc8474625,nonInteractiveUser,"[{""id"": ""fad4b2d9-6b30-4677-b786-b188bcebdd3e"", ""displayName"": ""Block legacy auth"", ""enforcedGrantControls"": [""mfa""], ""result"": ""failure""}]","[{""authenticationStepDateTime"": ""2026-01-07T22:05:00Z"", ""authenticationMethod"": ""Password"", ""authenticationMethodDetail"": ""Password"", ""authenticationStepResultDetail"": ""Success"", ""succeeded"": true}]",8d0ffbf2-9251-4e4f-8f2c-411cc3cea19d,svc-payroll,f41e1384-9970-434f-aa1d-cebfb9ec15ae
2025-12-28T05:02:00Z,alice@evilcorp.com,185.199.110.42,Azure Portal,Exchange ActiveSync,Microsoft Office/16.0 (Windows NT 10.0; Microsoft Outlook 16.0.17029; Pro),,7e73eb77-7b29-45d4-9d27-97458c2a6c81,50076,50076,Token issuer anomaly detected.,InvalidGrant,none,none,none,ES,Catalonia,Barcelona,failure,none,Authenticator,Push,Microsoft Graph,e8ecd421-ce07-4725-84c3-d8e604ab083f,2979d8a4-68b5-4e40-b0f5-10cc57ce1adf,nonInteractiveUser,"[{""id"": ""9741fa52-fc08-4dbd-8774-11ceddca26dc"", ""displayName"": ""Require MFA for admins"", ""enforcedGrantControls"": [""mfa""], ""result"": ""notApplied""}]","[{""authenticationStepDateTime"": ""2026-01-08T00:13:00Z"", ""authenticationMethod"": ""Password"", ""authenticationMethodDetail"": ""Password"", ""authenticationStepResultDetail"": ""Success"", ""succeeded"": true}, {""authenticationStepDateTime"": ""2026-01-07T07:28:00Z"", ""authenticationMethod"": ""FIDO2"", ""authenticationMethodDetail"": ""Security Key"", ""authenticationStepResultDetail"": ""MFA required but not satisfied"", ""succeeded"": true}]",3f783aea-dbde-4555-af8c-fc921c9d3092,svc-backup,
2025-12-11T18:24:00Z,cfo@evilcorp.com,185.199.110.42,Exchange Online,Exchange ActiveSync,Microsoft Office/16.0 (Windows NT 10.0; Microsoft Outlook 16.0.17029; Pro),66e21417-cc99-434d-8843-62fe192d6ed6,185ad190-0150-48f1-8f30-56d353ff9477,50074,50074,Account is locked.,StrongAuthenticationRequired,none,none,none,ES,Madrid,Madrid,unknown,none,SMS,Security Key,Microsoft Graph,3ce0980d-a6d2-4fff-88b0-6ece8e220a26,efa6e0e8-446d-4f2d-9c55-387a3771543f,nonInteractiveUser,"[{""id"": ""4cd0d939-f1cb-4ce3-a750-ffc7c620f74e"", ""displayName"": ""Require MFA for admins"", ""enforcedGrantControls"": [""mfa""], ""result"": ""notApplied""}]","[{""authenticationStepDateTime"": ""2026-01-08T15:08:00Z"", ""authenticationMethod"": ""Password"", ""authenticationMethodDetail"": ""Password"", ""authenticationStepResultDetail"": ""Success"", ""succeeded"": true}]",63da6586-2075-4edc-b56a-5469b5f04781,svc-payroll,
2025-12-11T12:09:00Z,alice@evilcorp.com,20.190.128.12,Microsoft Teams,POP3,Mozilla/5.0 (Linux; Android 14) AppleWebKit/537.36 Chrome/119.0 Mobile,8ce1898c-8cbb-4cfe-af81-c702d6423968,a07c11ab-b1cd-44d6-9dbc-be2f31a7b045,50058,50058,Account is locked.,AccountLocked,medium,atRisk,impossibleTravel,US,Virginia,Ashburn,notApplied,singleFactorAuthentication,Authenticator,,SharePoint,557d73df-6f1f-4ba2-9d1a-36716956711f,335cceb6-80f6-4065-b3d1-dee897fdcccd,nonInteractiveUser,"[{""id"": ""550b5087-b2cf-4e44-a166-5fbf715e7345"", ""displayName"": ""Require MFA for admins"", ""enforcedGrantControls"": [""compliantDevice""], ""result"": ""notApplied""}, {""id"": ""fef9f0e5-acdd-4cdb-b685-eb6ffb46026f"", ""displayName"": ""Require compliant device"", ""enforcedGrantControls"": [""mfa"", ""compliantDevice""], ""result"": ""notApplied""}, {""id"": ""4fa99377-1499-42bb-a422-305dd266b6ae"", ""displayName"": ""Require compliant device"", ""enforcedGrantControls"": [""mfa""], ""result"": ""failure""}]","[{""authenticationStepDateTime"": ""2026-01-09T15:14:00Z"", ""authenticationMethod"": ""Password"", ""authenticationMethodDetail"": ""Password"", ""authenticationStepResultDetail"": ""Success"", ""succeeded"": true}]",6c438bcc-a413-4e2d-a8c0-aa11d43b65bb,svc-backup,
2025-12-19T06:30:00Z,alice@evilcorp.com,20.190.128.12,Graph Explorer,IMAP4,Microsoft Office/16.0 (Windows NT 10.0; Microsoft Outlook 16.0.17029; Pro),4e09a7c8-90db-4f96-81d9-271178468beb,3da3b83a-dd7b-477a-93fd-e1453d524b91,50058,50058,Token issuer anomaly detected.,InvalidGrant,none,none,none,ES,Catalonia,Barcelona,failure,multiFactorAuthentication,Authenticator,Push,Office 365 Exchange Online,11fbb99b-a96b-4bc1-b232-2782c0ddaf02,9bed4d8f-83d6-4c04-802c-478723959dea,nonInteractiveUser,"[{""id"": ""9b1e7082-0306-4e40-b4c3-1a83d389d7db"", ""displayName"": ""Require compliant device"", ""enforcedGrantControls"": [""mfa""], ""result"": ""notApplied""}]","[{""authenticationStepDateTime"": ""2026-01-10T07:07:00Z"", ""authenticationMethod"": ""Password"", ""authenticationMethodDetail"": ""Password"", ""authenticationStepResultDetail"": ""Success"", ""succeeded"": true}, {""authenticationStepDateTime"": ""2026-01-09T13:03:00Z"", ""authenticationMethod"": ""FIDO2"", ""authenticationMethodDetail"": ""Push"", ""authenticationStepResultDetail"": ""MFA required but not satisfied"", ""succeeded"": true}]",368d1778-68f7-4445-983a-ffc78b4715b3,svc-etl,5d9568eb-4da3-4d08-85c2-94e208bb3a25
2025-12-25T09:56:00Z,cfo@evilcorp.com,5.62.41.22,Microsoft 365 Admin Center,Browser,Mozilla/5.0 (Windows NT 10.0; Win64; x64) AppleWebKit/537.36 Chrome/120.0,05c2325e-49ba-4041-a6aa-1e158bfaad79,c1b092d0-e6a6-49bf-93c4-4a0926870fc5,0,0,,,none,none,none,US,Virginia,Ashburn,notApplied,multiFactorAuthentication,Authenticator,OTP,Microsoft Graph,bbce6330-5a11-4e87-b98e-62cd8f07457e,8bf68ad3-1f13-4c78-8800-d1a9aacda923,nonInteractiveUser,"[{""id"": ""9b7195f0-a098-4e82-93b0-c021300e8bed"", ""displayName"": ""Require compliant device"", ""enforcedGrantControls"": [""compliantDevice""], ""result"": ""success""}]","[{""authenticationStepDateTime"": ""2026-01-07T12:18:00Z"", ""authenticationMethod"": ""Password"", ""authenticationMethodDetail"": ""Password"", ""authenticationStepResultDetail"": ""Success"", ""succeeded"": true}]",1d4fed1c-b754-4886-8bcd-3a51fab464d8,svc-etl,
2025-12-14T07:16:00Z,it.admin@evilcorp.com,5.62.41.22,SharePoint Online,Browser,Mozilla/5.0 (Windows NT 10.0; Win64; x64) AppleWebKit/537.36 Chrome/120.0,,68a70ccb-3604-4ac1-bb2a-4d366e2cde1f,0,0,,,none,none,none,FR,Île-de-France,Paris,success,none,SMS,,SharePoint,58ae65c8-e58e-4ae5-b961-a2dc36df544d,8fbdeef0-0d3a-4183-a60f-bf288dbd2ee7,nonInteractiveUser,"[{""id"": ""46036d65-a6e8-4602-9c50-327b6998125c"", ""displayName"": ""Require compliant device"", ""enforcedGrantControls"": [""compliantDevice""], ""result"": ""success""}, {""id"": ""7583f849-7c30-4478-aaa8-7dbff98b09dd"", ""displayName"": ""Block legacy auth"", ""enforcedGrantControls"": [""mfa""], ""result"": ""notApplied""}, {""id"": ""86e62e30-82a6-4156-9361-43ec6a2e2ec0"", ""displayName"": ""Require MFA for admins"", ""enforcedGrantControls"": [""compliantDevice""], ""result"": ""success""}]","[{""authenticationStepDateTime"": ""2026-01-10T09:08:00Z"", ""authenticationMethod"": ""Password"", ""authenticationMethodDetail"": ""Password"", ""authenticationStepResultDetail"": ""Success"", ""succeeded"": true}]",5c02a52c-54ad-453f-9989-ea5e85b928c8,svc-backup,
2025-12-31T17:32:00Z,cfo@evilcorp.com,83.45.12.33,Graph Explorer,Mobile Apps and Desktop clients,Mozilla/5.0 (Linux; Android 14) AppleWebKit/537.36 Chrome/119.0 Mobile,,08eaaa5b-68cd-4891-8385-1c39adb2aa5a,50058,50058,Invalid username or password.,MFARequired,none,none,none,US,Virginia,Ashburn,failure,none,,Push,Microsoft Graph,eed29966-0433-409a-b4b6-4c8dd1fa6894,52e719fa-1542-4bdc-8344-402213f0c696,nonInteractiveUser,[],"[{""authenticationStepDateTime"": ""2026-01-07T19:08:00Z"", ""authenticationMethod"": ""Password"", ""authenticationMethodDetail"": ""Password"", ""authenticationStepResultDetail"": ""Success"", ""succeeded"": true}]",48abe1aa-8fab-4e38-8908-a0bde7408841,svc-payroll,
2025-12-18T01:18:00Z,it.admin@evilcorp.com,20.190.128.12,Azure Portal,Browser,Mozilla/5.0 (Linux; Android 14) AppleWebKit/537.36 Chrome/119.0 Mobile,8ec06731-de24-4ac4-8808-cf97109ff467,acbd7b70-b7ab-41e2-b3a1-ce4472e80690,0,0,,,none,none,none,ES,Catalonia,Barcelona,unknown,singleFactorAuthentication,Authenticator,Security Key,SharePoint,a71513e8-0115-475d-88a5-26312358b4ca,1221b9ee-045e-4435-a099-3216f401466b,nonInteractiveUser,"[{""id"": ""256aef89-703b-4528-96a0-ee0b016d704f"", ""displayName"": ""Require MFA for admins"", ""enforcedGrantControls"": [""compliantDevice""], ""result"": ""success""}]","[{""authenticationStepDateTime"": ""2026-01-07T08:37:00Z"", ""authenticationMethod"": ""Password"", ""authenticationMethodDetail"": ""Password"", ""authenticationStepResultDetail"": ""Success"", ""succeeded"": true}, {""authenticationStepDateTime"": ""2026-01-09T09:08:00Z"", ""authenticationMethod"": ""SMS"", ""authenticationMethodDetail"": ""Security Key"", ""authenticationStepResultDetail"": ""Success"", ""succeeded"": false}]",0aa6e64b-a5e6-4591-a053-75095ec98977,svc-payroll,
2025-12-19T02:42:00Z,it.admin@evilcorp.com,20.190.128.12,Microsoft 365 Admin Center,Browser,Mozilla/5.0 (Windows NT 10.0; Win64; x64) AppleWebKit/537.36 Chrome/120.0,b3f5cdf2-94a5-46c5-a02e-0c00ae6918bf,6c96b70c-09b2-4a72-87ca-3680469bb099,50058,50058,Invalid username or password.,MFARequired,none,none,none,ES,Catalonia,Barcelona,failure,multiFactorAuthentication,Authenticator,OTP,Microsoft Graph,1438bd9f-a314-410c-84d9-31e406e731ae,69aa18fd-5f62-4421-8a7d-a9725f7289cb,nonInteractiveUser,"[{""id"": ""498be08d-c829-4a70-8b9a-1423f69b5876"", ""displayName"": ""Require MFA for admins"", ""enforcedGrantControls"": [""compliantDevice""], ""result"": ""failure""}, {""id"": ""7f00c033-e920-44ff-b410-9112db65532e"", ""displayName"": ""Require compliant device"", ""enforcedGrantControls"": [""compliantDevice""], ""result"": ""notApplied""}, {""id"": ""f07f86f8-aa41-4cec-aa44-29bb73a24a3b"", ""displayName"": ""Block legacy auth"", ""enforcedGrantControls"": [""compliantDevice""], ""result"": ""success""}]","[{""authenticationStepDateTime"": ""2026-01-10T06:35:00Z"", ""authenticationMethod"": ""Password"", ""authenticationMethodDetail"": ""Password"", ""authenticationStepResultDetail"": ""Success"", ""succeeded"": true}, {""authenticationStepDateTime"": ""2026-01-09T02:51:00Z"", ""authenticationMethod"": ""Microsoft Authenticator"", ""authenticationMethodDetail"": ""OTP"", ""authenticationStepResultDetail"": ""MFA required but not satisfied"", ""succeeded"": false}]",7cfec22c-13b9-429d-aed7-44ef36cb1fc4,svc-etl,803808a6-e68f-4e11-a4b3-74ad7f754eb6
2025-12-14T12:11:00Z,alice@evilcorp.com,2.139.88.10,Azure Portal,Other clients,Mozilla/5.0 (Linux; Android 14) AppleWebKit/537.36 Chrome/119.0 Mobile,789d22bd-6d6f-4f10-b8dd-d2e6ab1f537b,31cf5542-8a44-434d-a843-43cb8977d9b0,50074,50074,MFA required.,StrongAuthenticationRequired,none,none,none,FR,Île-de-France,Paris,unknown,singleFactorAuthentication,SMS,,Office 365 Exchange Online,41d4b26a-83eb-41b2-8317-9952fa48d4e7,443bdde6-3bcb-4c77-9632-c6ce0ea54fa4,nonInteractiveUser,[],"[{""authenticationStepDateTime"": ""2026-01-09T14:36:00Z"", ""authenticationMethod"": ""Password"", ""authenticationMethodDetail"": ""Password"", ""authenticationStepResultDetail"": ""Success"", ""succeeded"": true}, {""authenticationStepDateTime"": ""2026-01-09T14:08:00Z"", ""authenticationMethod"": ""FIDO2"", ""authenticationMethodDetail"": ""Security Key"", ""authenticationStepResultDetail"": ""Success"", ""succeeded"": true}]",e795bbc9-0c85-479e-82b4-04d2099f14a0,svc-payroll,80bd205c-6697-42bd-aa3a-74cc82672c0c
2025-12-15T10:42:00Z,bob@evilcorp.com,5.62.41.22,Exchange Online,Exchange ActiveSync,Microsoft Office/16.0 (Windows NT 10.0; Microsoft Outlook 16.0.17029; Pro),4974d7aa-ce06-45c9-b957-fa68fc32d095,cf4d30f7-bb4f-4e29-bf8f-74522765925f,50053,50053,Account is locked.,AccountLocked,none,none,none,NL,North Holland,Amsterdam,unknown,multiFactorAuthentication,SMS,Push,Office 365 Exchange Online,d529d235-2380-4aaa-b356-a548aeb61338,2281c04a-729c-44ca-886a-7ff70e943b8b,nonInteractiveUser,"[{""id"": ""35ecd72f-f43e-4820-ae67-9173ebf2ba87"", ""displayName"": ""Require MFA for admins"", ""enforcedGrantControls"": [""mfa"", ""compliantDevice""], ""result"": ""notApplied""}, {""id"": ""2f985a7d-095e-444a-8d87-874b066fce2a"", ""displayName"": ""Block legacy auth"", ""enforcedGrantControls"": [""compliantDevice""], ""result"": ""success""}]","[{""authenticationStepDateTime"": ""2026-01-09T11:13:00Z"", ""authenticationMethod"": ""Password"", ""authenticationMethodDetail"": ""Password"", ""authenticationStepResultDetail"": ""Success"", ""succeeded"": true}, {""authenticationStepDateTime"": ""2026-01-07T05:07:00Z"", ""authenticationMethod"": ""SMS"", ""authenticationMethodDetail"": ""OTP"", ""authenticationStepResultDetail"": ""Success"", ""succeeded"": false}]",10628db4-0821-4087-abe5-5bf9b052d037,svc-payroll,
2026-01-05T02:19:00Z,it.admin@evilcorp.com,104.26.12.88,Microsoft 365 Admin Center,IMAP4,Microsoft Office/16.0 (Windows NT 10.0; Microsoft Outlook 16.0.17029; Pro),257b26f6-570a-4542-9f5b-13c80e550339,0949b98a-de7b-426d-8772-f64081495b57,50053,50053,Account is locked.,MFARequired,none,none,none,US,Virginia,Ashburn,success,multiFactorAuthentication,FIDO2,,Microsoft Graph,7e6485e9-1980-4896-9148-7c8ebb7091fb,8ec01d4c-57f6-4284-afcb-39d93561e099,nonInteractiveUser,[],"[{""authenticationStepDateTime"": ""2026-01-07T20:17:00Z"", ""authenticationMethod"": ""Password"", ""authenticationMethodDetail"": ""Password"", ""authenticationStepResultDetail"": ""Success"", ""succeeded"": true}, {""authenticationStepDateTime"": ""2026-01-08T04:04:00Z"", ""authenticationMethod"": ""SMS"", ""authenticationMethodDetail"": ""OTP"", ""authenticationStepResultDetail"": ""User did not respond"", ""succeeded"": false}]",fe71027a-4806-4eca-8ae1-8ef74b5eb492,svc-etl,
2025-12-26T07:33:00Z,it.admin@evilcorp.com,2.139.88.10,Azure Portal,Exchange ActiveSync,Mozilla/5.0 (Windows NT 10.0; Win64; x64) AppleWebKit/537.36 Chrome/120.0,a4751de8-742c-46e5-8818-a5ed303263dc,888c5e22-020a-4db8-8915-bc465ac7fdfb,50058,50058,Account is locked.,InvalidGrant,low,remediated,impossibleTravel,DE,Berlin,Berlin,failure,singleFactorAuthentication,SMS,Security Key,SharePoint,9809deff-09ec-4347-8882-c4b668703d71,42fdc7b9-3d73-4f80-ba3b-ecd6106f0cc2,nonInteractiveUser,"[{""id"": ""f29707d2-ac96-4beb-9887-128beae6a4d8"", ""displayName"": ""Block legacy auth"", ""enforcedGrantControls"": [""mfa"", ""compliantDevice""], ""result"": ""success""}, {""id"": ""23d86f16-d461-4e94-b9a1-24e28cd8d662"", ""displayName"": ""Block legacy auth"", ""enforcedGrantControls"": [""mfa""], ""result"": ""failure""}]","[{""authenticationStepDateTime"": ""2026-01-09T20:57:00Z"", ""authenticationMethod"": ""Password"", ""authenticationMethodDetail"": ""Password"", ""authenticationStepResultDetail"": ""Success"", ""succeeded"": true}, {""authenticationStepDateTime"": ""2026-01-10T05:19:00Z"", ""authenticationMethod"": ""Microsoft Authenticator"", ""authenticationMethodDetail"": ""Security Key"", ""authenticationStepResultDetail"": ""Success"", ""succeeded"": false}]",61bd5efe-4295-4417-8615-d62afefab0ce,svc-backup,

