CreatedDateTime,UserPrincipalName,IpAddress,AppDisplayName,ClientAppUsed,UserAgent,DeviceDetail.deviceId,CorrelationId,ResultType,Status.errorCode,Status.failureReason,Status.additionalDetails,RiskLevelAggregated,RiskState,RiskDetail,Location.countryOrRegion,Location.state,Location.city,ConditionalAccessStatus,AuthenticationRequirement,MfaDetail.authMethod,MfaDetail.authDetail,ResourceDisplayName,TenantId,UserId,SignInEventTypes,AppliedConditionalAccessPolicies,AuthenticationDetails,ServicePrincipalId,ServicePrincipalName,ManagedIdentityId,AuthenticationProtocol,AuthenticationProcessingDetails
2025-12-12T05:53:00Z,svc.backup@evilcorp.com,20.190.128.12,Microsoft 365 Admin Center,Browser,Microsoft Office/16.0 (Windows NT 10.0; Microsoft Outlook 16.0.17029; Pro),a9ec3079-8abe-4d91-91c6-3ecf6a8389d7,a64e1f76-d502-435f-8ff0-54f33f348252,50076,50076,Token issuer anomaly detected.,InvalidGrant,none,none,none,DE,Berlin,Berlin,failure,singleFactorAuthentication,FIDO2,,Office 365 Exchange Online,4aac2eab-be35-4281-b17e-0dfa86b69ee3,d37b30fc-0bbe-4325-9128-542782bbece7,nonInteractiveUser,[],"[{""authenticationStepDateTime"": ""2026-01-08T07:42:00Z"", ""authenticationMethod"": ""Password"", ""authenticationMethodDetail"": ""Password"", ""authenticationStepResultDetail"": ""Success"", ""succeeded"": true}]",fd81079c-d62c-46c8-bc5e-53e92525563d,svc-payroll,,SAML,"[{""key"": ""TokenProtection"", ""value"": ""disabled""}]"
2025-12-16T06:54:00Z,bob@evilcorp.com,104.26.12.88,Graph Explorer,Browser,Mozilla/5.0 (Windows NT 10.0; Win64; x64) AppleWebKit/537.36 Chrome/120.0,04b3064b-f31a-4594-940c-f2596faac571,cb4024c3-5cf4-4f54-aa15-7a42f42c323d,50058,50058,Account is locked.,InvalidGrant,none,none,none,ES,Madrid,Madrid,unknown,multiFactorAuthentication,SMS,Push,SharePoint,f0df7d20-8880-45f6-b3fa-1f7a6bfc42a4,971b9490-ac20-4815-90e3-841ada95b16c,nonInteractiveUser,[],"[{""authenticationStepDateTime"": ""2026-01-09T06:48:00Z"", ""authenticationMethod"": ""Password"", ""authenticationMethodDetail"": ""Password"", ""authenticationStepResultDetail"": ""Success"", ""succeeded"": true}, {""authenticationStepDateTime"": ""2026-01-08T17:05:00Z"", ""authenticationMethod"": ""SMS"", ""authenticationMethodDetail"": ""Security Key"", ""authenticationStepResultDetail"": ""User did not respond"", ""succeeded"": true}]",09217a59-3792-43c4-a741-fef0ff4de75e,svc-etl,,SAML,"[{""key"": ""TokenProtection"", ""value"": ""disabled""}]"
2026-01-04T01:18:00Z,it.admin@evilcorp.com,104.26.12.88,SharePoint Online,Other clients,Microsoft Office/16.0 (Windows NT 10.0; Microsoft Outlook 16.0.17029; Pro),,2acc9814-f30b-4b17-9b28-c911bcdd857f,50058,50058,MFA required.,StrongAuthenticationRequired,none,none,none,DE,Berlin,Berlin,notApplied,multiFactorAuthentication,SMS,,SharePoint,0755d86c-52fb-4560-a072-dd467fab2bf6,abab86ef-ea4e-450c-843a-9f12dda795be,nonInteractiveUser,[],"[{""authenticationStepDateTime"": ""2026-01-07T23:46:00Z"", ""authenticationMethod"": ""Password"", ""authenticationMethodDetail"": ""Password"", ""authenticationStepResultDetail"": ""Success"", ""succeeded"": true}, {""authenticationStepDateTime"": ""2026-01-09T12:44:00Z"", ""authenticationMethod"": ""SMS"", ""authenticationMethodDetail"": ""Security Key"", ""authenticationStepResultDetail"": ""MFA required but not satisfied"", ""succeeded"": true}]",2ddef514-f520-4c89-8150-6cd42250597c,svc-payroll,,SAML,"[{""key"": ""TokenProtection"", ""value"": ""enabled""}]"
2025-12-14T13:06:00Z,it.admin@evilcorp.com,185.199.110.42,Exchange Online,Browser,Mozilla/5.0 (Linux; Android 14) AppleWebKit/537.36 Chrome/119.0 Mobile,19734bbd-cb85-47cd-9492-b71ceb843f0a,9a399857-060a-4ad5-ad8c-776e07fc3aa0,50053,50053,Token issuer anomaly detected.,MFARequired,none,none,none,NL,North Holland,Amsterdam,notApplied,multiFactorAuthentication,,,SharePoint,b44f3695-94b6-4fbe-802e-bf3062340623,4afedf1f-7621-4b65-b985-ab5b5b26e0e6,nonInteractiveUser,[],"[{""authenticationStepDateTime"": ""2026-01-08T15:25:00Z"", ""authenticationMethod"": ""Password"", ""authenticationMethodDetail"": ""Password"", ""authenticationStepResultDetail"": ""Success"", ""succeeded"": true}, {""authenticationStepDateTime"": ""2026-01-08T05:37:00Z"", ""authenticationMethod"": ""SMS"", ""authenticationMethodDetail"": ""Push"", ""authenticationStepResultDetail"": ""MFA required but not satisfied"", ""succeeded"": true}]",cdc1755b-ea37-477b-8867-e5b5e571569f,svc-etl,,OAuth2.0,"[{""key"": ""TokenProtection"", ""value"": ""enabled""}]"
2026-01-01T05:56:00Z,it.admin@evilcorp.com,104.26.12.88,Exchange Online,Other clients,Mozilla/5.0 (Windows NT 10.0; Win64; x64) AppleWebKit/537.36 Chrome/120.0,cc07bb3e-2f0c-46be-b01e-7ef9ea7f69d5,ba45ac02-0de7-4357-914d-b7bf41ac671b,50074,50074,Token issuer anomaly detected.,AccountLocked,none,none,none,ES,Catalonia,Barcelona,notApplied,singleFactorAuthentication,SMS,OTP,Office 365 Exchange Online,7acfe533-46af-45c5-9384-2fae3d5f04a1,84bd3a75-17fb-4378-bfba-0b181b4fec7b,nonInteractiveUser,"[{""id"": ""59362a31-7816-4050-aad0-91372190047f"", ""displayName"": ""Require MFA for admins"", ""enforcedGrantControls"": [""compliantDevice""], ""result"": ""failure""}]","[{""authenticationStepDateTime"": ""2026-01-09T21:00:00Z"", ""authenticationMethod"": ""Password"", ""authenticationMethodDetail"": ""Password"", ""authenticationStepResultDetail"": ""Success"", ""succeeded"": true}, {""authenticationStepDateTime"": ""2026-01-07T05:46:00Z"", ""authenticationMethod"": ""SMS"", ""authenticationMethodDetail"": ""Push"", ""authenticationStepResultDetail"": ""MFA required but not satisfied"", ""succeeded"": true}]",5cbef259-e1f9-482e-9a3d-14d2e8ccac7f,svc-etl,,SAML,"[{""key"": ""TokenProtection"", ""value"": ""enabled""}]"
2025-12-12T17:02:00Z,cfo@evilcorp.com,5.62.41.22,Azure Portal,Exchange ActiveSync,Microsoft Office/16.0 (Windows NT 10.0; Microsoft Outlook 16.0.17029; Pro),27228d6a-0499-4e4e-a319-b9cdab7ad218,8bb0450d-4224-4709-b758-8ad1919f61b5,0,0,,,none,none,none,ES,Madrid,Madrid,unknown,singleFactorAuthentication,,Push,Microsoft Graph,9ed4a48a-498b-468c-bf66-6efa387b74ce,2ce75b01-9a5c-4974-b87b-39fcfeb8f7ce,nonInteractiveUser,"[{""id"": ""8a48dc75-fead-47db-a5af-4162564a5757"", ""displayName"": ""Block legacy auth"", ""enforcedGrantControls"": [""mfa"", ""compliantDevice""], ""result"": ""success""}, {""id"": ""973abb48-39ea-4b18-ad43-87f1c36ecd98"", ""displayName"": ""Require compliant device"", ""enforcedGrantControls"": [""mfa"", ""compliantDevice""], ""result"": ""notApplied""}, {""id"": ""5c87a4b3-5a70-4026-a6b6-df13a820edf7"", ""displayName"": ""Block legacy auth"", ""enforcedGrantControls"": [""mfa"", ""compliantDevice""], ""result"": ""notApplied""}]","[{""authenticationStepDateTime"": ""2026-01-09T04:16:00Z"", ""authenticationMethod"": ""Password"", ""authenticationMethodDetail"": ""Password"", ""authenticationStepResultDetail"": ""Success"", ""succeeded"": true}]",6c9c09c5-628c-4709-87a6-8e810c476052,svc-backup,,SAML,"[{""key"": ""TokenProtection"", ""value"": ""disabled""}]"
2025-12-21T00:41:00Z,cfo@evilcorp.com,185.199.110.42,Microsoft 365 Admin Center,Other clients,Mozilla/5.0 (Windows NT 10.0; Win64; x64) AppleWebKit/537.36 Chrome/120.0,,77a41fd5-a384-49df-8328-2a7efb8571bb,0,0,,,none,none,none,DE,Berlin,Berlin,success,multiFactorAuthentication,,OTP,Microsoft Graph,e14bf7f4-2dbc-4f58-9add-7261a35c22f4,8ccb190b-9cf5-4fda-a477-13496c632745,nonInteractiveUser,"[{""id"": ""2026679f-7d51-4805-a500-018f60d349a5"", ""displayName"": ""Block legacy auth"", ""enforcedGrantControls"": [""mfa"", ""compliantDevice""], ""result"": ""failure""}]","[{""authenticationStepDateTime"": ""2026-01-07T10:26:00Z"", ""authenticationMethod"": ""Password"", ""authenticationMethodDetail"": ""Password"", ""authenticationStepResultDetail"": ""Success"", ""succeeded"": true}, {""authenticationStepDateTime"": ""2026-01-09T19:29:00Z"", ""authenticationMethod"": ""SMS"", ""authenticationMethodDetail"": ""OTP"", ""authenticationStepResultDetail"": ""User did not respond"", ""succeeded"": false}]",8b17a60f-97e3-4f10-be6e-d3f4c03e1816,svc-payroll,,OAuth2.0,"[{""key"": ""TokenProtection"", ""value"": ""enabled""}]"
2025-12-29T11:05:00Z,it.admin@evilcorp.com,83.45.12.33,Microsoft Teams,Exchange ActiveSync,Mozilla/5.0 (Windows NT 10.0; Win64; x64) AppleWebKit/537.36 Chrome/120.0,,79ef0d0f-4755-49d4-a938-1d4ffd77d4f4,50074,50074,Token issuer anomaly detected.,InvalidGrant,none,none,none,ES,Catalonia,Barcelona,unknown,singleFactorAuthentication,Authenticator,Push,SharePoint,3b8ccaf2-f5c0-457a-9353-b2b6b2b4bde8,41afe6e2-67e7-4a3f-96c4-bf6c541fd688,nonInteractiveUser,[],"[{""authenticationStepDateTime"": ""2026-01-08T03:03:00Z"", ""authenticationMethod"": ""Password"", ""authenticationMethodDetail"": ""Password"", ""authenticationStepResultDetail"": ""Success"", ""succeeded"": true}]",f4d3561e-e335-47a0-b9c6-7b805d8380c0,svc-payroll,aeebf476-6482-4394-b945-e0ee839944a2,SAML,"[{""key"": ""TokenProtection"", ""value"": ""disabled""}]"
2025-12-19T08:19:00Z,alice@evilcorp.com,83.45.12.33,Microsoft Teams,IMAP4,Microsoft Office/16.0 (Windows NT 10.0; Microsoft Outlook 16.0.17029; Pro),,2604030e-22b9-44e9-a065-60e34ac8e168,50053,50053,Token issuer anomaly detected.,InvalidGrant,none,none,none,ES,Madrid,Madrid,unknown,multiFactorAuthentication,Authenticator,Push,Office 365 Exchange Online,e2136d11-5ee0-4183-8a0e-ea7f4f4beadd,625f2744-88ab-406d-a13e-15898ab5415e,nonInteractiveUser,[],"[{""authenticationStepDateTime"": ""2026-01-08T06:11:00Z"", ""authenticationMethod"": ""Password"", ""authenticationMethodDetail"": ""Password"", ""authenticationStepResultDetail"": ""Success"", ""succeeded"": true}, {""authenticationStepDateTime"": ""2026-01-08T16:50:00Z"", ""authenticationMethod"": ""Microsoft Authenticator"", ""authenticationMethodDetail"": ""Push"", ""authenticationStepResultDetail"": ""User did not respond"", ""succeeded"": true}]",40bf9b3a-d374-4c6d-9514-4d13b1e5c5a3,svc-backup,,OAuth2.0,"[{""key"": ""TokenProtection"", ""value"": ""enabled""}]"
2025-12-23T03:59:00Z,alice@evilcorp.com,5.62.41.22,SharePoint Online,Exchange ActiveSync,Mozilla/5.0 (Linux; Android 14) AppleWebKit/537.36 Chrome/119.0 Mobile,638d8072-e7e4-4d6e-a1aa-c881bce63e7b,aeef0014-a956-4afc-9859-b23388d04eb3,50058,50058,Token issuer anomaly detected.,AccountLocked,none,none,none,NL,North Holland,Amsterdam,failure,singleFactorAuthentication,FIDO2,Security Key,Office 365 Exchange Online,f27f2d63-fafa-4e8d-b56a-59bc3602c4f7,8926e2ca-8c5b-4627-97b7-2d95afc08d1b,nonInteractiveUser,"[{""id"": ""7cc5f0de-ce30-42b7-8596-191c51e3fefb"", ""displayName"": ""Require MFA for admins"", ""enforcedGrantControls"": [""mfa"", ""compliantDevice""], ""result"": ""failure""}, {""id"": ""54417d37-2010-4ae7-9a3a-9e22b412a735"", ""displayName"": ""Block legacy auth"", ""enforcedGrantControls"": [""compliantDevice""], ""result"": ""success""}]","[{""authenticationStepDateTime"": ""2026-01-07T17:25:00Z"", ""authenticationMethod"": ""Password"", ""authenticationMethodDetail"": ""Password"", ""authenticationStepResultDetail"": ""Success"", ""succeeded"": true}, {""authenticationStepDateTime"": ""2026-01-08T15:10:00Z"", ""authenticationMethod"": ""FIDO2"", ""authenticationMethodDetail"": ""OTP"", ""authenticationStepResultDetail"": ""MFA required but not satisfied"", ""succeeded"": true}]",28288b53-f081-4fad-b731-45cd76313bc8,svc-payroll,,SAML,"[{""key"": ""TokenProtection"", ""value"": ""disabled""}]"
2025-12-18T09:30:00Z,it.admin@evilcorp.com,5.62.41.22,Microsoft 365 Admin Center,Exchange ActiveSync,Microsoft Office/16.0 (Windows NT 10.0; Microsoft Outlook 16.0.17029; Pro),80bd9330-524d-434b-b6fd-97e6fc9808f7,b41e61e8-81da-4a3f-8693-50d624c28d5b,50058,50058,Invalid username or password.,InvalidGrant,low,remediated,passwordSpray,FR,Île-de-France,Paris,failure,none,Authenticator,Push,SharePoint,c89830db-acc9-4f4c-b2aa-8fe69d2b6da3,ce3f1a1a-95fd-40df-bc8a-4b773f9f6e88,nonInteractiveUser,[],"[{""authenticationStepDateTime"": ""2026-01-09T13:07:00Z"", ""authenticationMethod"": ""Password"", ""authenticationMethodDetail"": ""Password"", ""authenticationStepResultDetail"": ""Success"", ""succeeded"": true}, {""authenticationStepDateTime"": ""2026-01-10T00:36:00Z"", ""authenticationMethod"": ""Microsoft Authenticator"", ""authenticationMethodDetail"": ""Push"", ""authenticationStepResultDetail"": ""Success"", ""succeeded"": true}]",71830e4c-8b86-4170-83cf-7399ae94ff81,svc-backup,,OAuth2.0,"[{""key"": ""TokenProtection"", ""value"": ""disabled""}]"
2025-12-25T07:13:00Z,bob@evilcorp.com,2.139.88.10,SharePoint Online,Exchange ActiveSync,Mozilla/5.0 (Linux; Android 14) AppleWebKit/537.36 Chrome/119.0 Mobile,4a3aec3e-a7b0-4139-95af-080e3ba859a4,2bacc5ad-49d9-4dc5-8af3-62ecce19bf27,50074,50074,MFA required.,InvalidGrant,none,none,none,NL,North Holland,Amsterdam,unknown,multiFactorAuthentication,,OTP,SharePoint,511d2229-7c58-4f97-b0f6-ed7e1ffd73a5,d6b3ddba-33af-438a-a1a6-805ebf42d83e,nonInteractiveUser,[],"[{""authenticationStepDateTime"": ""2026-01-07T19:17:00Z"", ""authenticationMethod"": ""Password"", ""authenticationMethodDetail"": ""Password"", ""authenticationStepResultDetail"": ""Success"", ""succeeded"": true}, {""authenticationStepDateTime"": ""2026-01-08T07:24:00Z"", ""authenticationMethod"": ""SMS"", ""authenticationMethodDetail"": ""Security Key"", ""authenticationStepResultDetail"": ""User did not respond"", ""succeeded"": false}]",bd6a8834-a67c-4980-92cc-3e06983b69c0,svc-payroll,9fdccc58-2e8f-4dd6-b2f4-7606dde452d0,SAML,"[{""key"": ""TokenProtection"", ""value"": ""enabled""}]"
2026-01-02T03:48:00Z,bob@evilcorp.com,83.45.12.34,Graph Explorer,Exchange ActiveSync,Mozilla/5.0 (Windows NT 10.0; Win64; x64) AppleWebKit/537.36 Chrome/120.0,ecb54b4c-5c60-4ce5-916d-9512cf2ad840,9f794629-61c5-4909-93a7-3f46e3c4fe4a,0,0,,,none,none,none,NL,North Holland,Amsterdam,failure,multiFactorAuthentication,SMS,OTP,SharePoint,83e838df-c1b0-4af0-bf84-c3633afc5aee,e402b813-01a6-486b-841a-a5345f1fdd7c,nonInteractiveUser,[],"[{""authenticationStepDateTime"": ""2026-01-07T06:31:00Z"", ""authenticationMethod"": ""Password"", ""authenticationMethodDetail"": ""Password"", ""authenticationStepResultDetail"": ""Success"", ""succeeded"": true}]",9fe83489-5ba9-4a1a-9d51-885be924e93f,svc-payroll,,OAuth2.0,"[{""key"": ""TokenProtection"", ""value"": ""enabled""}]"
2025-12-21T08:42:00Z,it.admin@evilcorp.com,2.139.88.10,Azure Portal,Exchange ActiveSync,Mozilla/5.0 (Linux; Android 14) AppleWebKit/537.36 Chrome/119.0 Mobile,89e02157-3e30-4031-a138-9c449b3eba80,20900ec5-7cd8-4ffb-b3e6-a5f253812a81,50058,50058,User did not complete MFA.,AccountLocked,none,none,none,US,Virginia,Ashburn,failure,multiFactorAuthentication,SMS,Security Key,Microsoft Graph,456f2463-773b-43bd-855e-05d97d4d5671,2dd61524-2b52-4109-8ada-da2ab8d42df1,nonInteractiveUser,"[{""id"": ""c50e2639-e631-48e7-b62e-a5b96425f4c7"", ""displayName"": ""Block legacy auth"", ""enforcedGrantControls"": [""mfa""], ""result"": ""failure""}, {""id"": ""eb83b039-4d37-4c5c-b006-a0cd72d79743"", ""displayName"": ""Require compliant device"", ""enforcedGrantControls"": [""mfa"", ""compliantDevice""], ""result"": ""failure""}]","[{""authenticationStepDateTime"": ""2026-01-08T11:07:00Z"", ""authenticationMethod"": ""Password"", ""authenticationMethodDetail"": ""Password"", ""authenticationStepResultDetail"": ""Success"", ""succeeded"": true}, {""authenticationStepDateTime"": ""2026-01-08T17:28:00Z"", ""authenticationMethod"": ""FIDO2"", ""authenticationMethodDetail"": ""OTP"", ""authenticationStepResultDetail"": ""Success"", ""succeeded"": true}]",43db4df5-e14d-46ab-96c2-3aac9c7ff79d,svc-etl,,SAML,"[{""key"": ""TokenProtection"", ""value"": ""disabled""}]"
2025-12-23T11:39:00Z,svc.backup@evilcorp.com,104.26.12.88,Azure Portal,Mobile Apps and Desktop clients,Mozilla/5.0 (Linux; Android 14) AppleWebKit/537.36 Chrome/119.0 Mobile,,12ee7b20-a4c6-4cd9-84f9-814a16dfc7c8,0,0,,,medium,remediated,unfamiliarFeatures,ES,Catalonia,Barcelona,unknown,none,SMS,Push,Microsoft Graph,e46f5920-24fc-4f06-bc23-dcdd97aa6b6c,573495f6-30ba-476c-9854-0dfb95f39d60,nonInteractiveUser,"[{""id"": ""30266c89-9919-421a-8d3e-972b86e74099"", ""displayName"": ""Require MFA for admins"", ""enforcedGrantControls"": [""compliantDevice""], ""result"": ""success""}]","[{""authenticationStepDateTime"": ""2026-01-08T18:04:00Z"", ""authenticationMethod"": ""Password"", ""authenticationMethodDetail"": ""Password"", ""authenticationStepResultDetail"": ""Success"", ""succeeded"": true}, {""authenticationStepDateTime"": ""2026-01-09T06:44:00Z"", ""authenticationMethod"": ""Microsoft Authenticator"", ""authenticationMethodDetail"": ""Security Key"", ""authenticationStepResultDetail"": ""User did not respond"", ""succeeded"": true}]",1d643121-e111-4fe6-960c-a7156e1cffd0,svc-etl,,SAML,"[{""key"": ""TokenProtection"", ""value"": ""disabled""}]"
2025-12-23T07:31:00Z,it.admin@evilcorp.com,83.45.12.34,Graph Explorer,POP3,Microsoft Office/16.0 (Windows NT 10.0; Microsoft Outlook 16.0.17029; Pro),2692f865-85f4-4bb3-9686-3c74fd808f86,048ce240-14d0-4148-9ceb-e97f21499035,0,0,,,none,none,none,ES,Catalonia,Barcelona,notApplied,none,Authenticator,,Office 365 Exchange Online,6f74e1d0-0df5-4814-9735-676da6fde9ef,3ab855e2-4fd3-4e7a-9ac0-ee2bdac62349,nonInteractiveUser,"[{""id"": ""c77a9a7b-3dfc-4472-b576-25ba28f1719c"", ""displayName"": ""Block legacy auth"", ""enforcedGrantControls"": [""mfa""], ""result"": ""notApplied""}]","[{""authenticationStepDateTime"": ""2026-01-09T20:06:00Z"", ""authenticationMethod"": ""Password"", ""authenticationMethodDetail"": ""Password"", ""authenticationStepResultDetail"": ""Success"", ""succeeded"": true}, {""authenticationStepDateTime"": ""2026-01-09T07:39:00Z"", ""authenticationMethod"": ""SMS"", ""authenticationMethodDetail"": ""Push"", ""authenticationStepResultDetail"": ""User did not respond"", ""succeeded"": true}]",cc95ebe4-5f1b-4802-a2f9-893693bf5903,svc-etl,,OAuth2.0,"[{""key"": ""TokenProtection"", ""value"": ""enabled""}]"
2026-01-04T20:57:00Z,alice@evilcorp.com,83.45.12.34,Microsoft 365 Admin Center,POP3,Mozilla/5.0 (Linux; Android 14) AppleWebKit/537.36 Chrome/119.0 Mobile,,743dc87b-6d08-49b0-ad30-a3ac55fbdfb3,50074,50074,Account is locked.,AccountLocked,none,none,none,DE,Berlin,Berlin,notApplied,none,FIDO2,Push,Office 365 Exchange Online,b831b7eb-79cb-4e25-9d80-329156dbe129,14a91dbf-619b-4095-9972-23a233f84618,nonInteractiveUser,"[{""id"": ""919990dd-637b-479d-b41c-9e62c5ae2adc"", ""displayName"": ""Require compliant device"", ""enforcedGrantControls"": [""mfa"", ""compliantDevice""], ""result"": ""notApplied""}]","[{""authenticationStepDateTime"": ""2026-01-09T19:28:00Z"", ""authenticationMethod"": ""Password"", ""authenticationMethodDetail"": ""Password"", ""authenticationStepResultDetail"": ""Success"", ""succeeded"": true}, {""authenticationStepDateTime"": ""2026-01-09T11:15:00Z"", ""authenticationMethod"": ""FIDO2"", ""authenticationMethodDetail"": ""OTP"", ""authenticationStepResultDetail"": ""MFA required but not satisfied"", ""succeeded"": true}]",fb1841f7-3ea3-4916-829c-acb4284548ad,svc-payroll,,SAML,"[{""key"": ""TokenProtection"", ""value"": ""enabled""}]"
2026-01-01T15:51:00Z,it.admin@evilcorp.com,83.45.12.34,Exchange Online,Mobile Apps and Desktop clients,Mozilla/5.0 (Windows NT 10.0; Win64; x64) AppleWebKit/537.36 Chrome/120.0,38cdd1c5-c648-40d9-a22e-c967c1d771fe,0a726010-d23e-4141-a485-7b31d7ac59a6,50058,50058,Account is locked.,StrongAuthenticationRequired,none,none,none,DE,Berlin,Berlin,failure,singleFactorAuthentication,SMS,Security Key,Office 365 Exchange Online,2d2f9488-39df-4db5-859c-422f7d371571,17d567ea-5420-46cd-a361-23151992fb6d,nonInteractiveUser,[],"[{""authenticationStepDateTime"": ""2026-01-07T21:18:00Z"", ""authenticationMethod"": ""Password"", ""authenticationMethodDetail"": ""Password"", ""authenticationStepResultDetail"": ""Success"", ""succeeded"": true}]",2bc3b4a4-46e3-4c0a-a3d4-71a57e755676,svc-payroll,59d7c46a-8090-491b-9c3e-c81556422d31,OAuth2.0,"[{""key"": ""TokenProtection"", ""value"": ""enabled""}]"
2026-01-03T18:40:00Z,alice@evilcorp.com,83.45.12.34,Microsoft 365 Admin Center,POP3,Microsoft Office/16.0 (Windows NT 10.0; Microsoft Outlook 16.0.17029; Pro),52d729e7-42e0-45c2-8564-89559d7a5a27,0ff1f667-54ca-4dbf-bdca-3f333083fc44,50074,50074,Invalid username or password.,AccountLocked,none,none,none,ES,Madrid,Madrid,notApplied,none,,Security Key,Office 365 Exchange Online,7bd0c746-2fc1-4bdf-a5ed-af014c340485,da3de176-8684-4093-b012-8f4097b70027,nonInteractiveUser,"[{""id"": ""84b3b7b7-ac98-41d0-882c-6e959ec346fa"", ""displayName"": ""Block legacy auth"", ""enforcedGrantControls"": [""compliantDevice""], ""result"": ""success""}, {""id"": ""0ef11e84-a145-4cad-925a-66fa12b07f36"", ""displayName"": ""Require compliant device"", ""enforcedGrantControls"": [""mfa""], ""result"": ""failure""}, {""id"": ""988add8d-4734-4db5-8e09-8d9a956547b7"", ""displayName"": ""Require compliant device"", ""enforcedGrantControls"": [""compliantDevice""], ""result"": ""notApplied""}]","[{""authenticationStepDateTime"": ""2026-01-07T02:24:00Z"", ""authenticationMethod"": ""Password"", ""authenticationMethodDetail"": ""Password"", ""authenticationStepResultDetail"": ""Success"", ""succeeded"": true}]",4d474779-bc91-419a-8f39-01333b1efd60,svc-payroll,,SAML,"[{""key"": ""TokenProtection"", ""value"": ""enabled""}]"
2025-12-28T21:51:00Z,alice@evilcorp.com,2.139.88.10,Microsoft Teams,Exchange ActiveSync,Mozilla/5.0 (Linux; Android 14) AppleWebKit/537.36 Chrome/119.0 Mobile,,37301246-e57d-4cc7-af94-b7b2d456df59,0,0,,,none,none,none,NL,North Holland,Amsterdam,notApplied,singleFactorAuthentication,,Security Key,Microsoft Graph,5e9657f4-d82e-49d7-94f9-1cf7362b74f1,3f2528e3-3eb5-4a8b-9ea3-4b4d7ab86451,nonInteractiveUser,"[{""id"": ""52cfb39c-d2ae-40b7-8161-9b0a357b3a64"", ""displayName"": ""Block legacy auth"", ""enforcedGrantControls"": [""mfa"", ""compliantDevice""], ""result"": ""success""}, {""id"": ""40d82b1f-4ac7-4237-b331-c473b1e88ae4"", ""displayName"": ""Require compliant device"", ""enforcedGrantControls"": [""compliantDevice""], ""result"": ""notApplied""}, {""id"": ""29a70cb2-d7c9-422a-8072-7923d3a8bce3"", ""displayName"": ""Require compliant device"", ""enforcedGrantControls"": [""mfa"", ""compliantDevice""], ""result"": ""notApplied""}]","[{""authenticationStepDateTime"": ""2026-01-09T20:18:00Z"", ""authenticationMethod"": ""Password"", ""authenticationMethodDetail"": ""Password"", ""authenticationStepResultDetail"": ""Success"", ""succeeded"": true}]",a0517e46-a4ea-4147-b259-8d24d969bd53,svc-etl,c0ed4000-155f-488b-bada-21fe002623c9,SAML,"[{""key"": ""TokenProtection"", ""value"": ""disabled""}]"
2025-12-18T19:04:00Z,svc.backup@evilcorp.com,104.26.12.88,Azure Portal,Browser,Microsoft Office/16.0 (Windows NT 10.0; Microsoft Outlook 16.0.17029; Pro),203353fb-c88b-412a-a6f2-4f4b63948891,5e0ec0d4-f747-4b92-84b3-389afb6cf040,0,0,,,medium,remediated,passwordSpray,DE,Berlin,Berlin,unknown,multiFactorAuthentication,,OTP,Microsoft Graph,dcb96210-4382-41c4-8e77-fa6b5679b0d1,84f353ce-6927-4434-a511-c4ecacc99c4a,nonInteractiveUser,"[{""id"": ""b201c864-0e53-4087-88f7-3028f36fbcdd"", ""displayName"": ""Block legacy auth"", ""enforcedGrantControls"": [""mfa""], ""result"": ""success""}, {""id"": ""55d75df7-a111-4ea2-b4e6-25ef7ee2af09"", ""displayName"": ""Block legacy auth"", ""enforcedGrantControls"": [""mfa""], ""result"": ""failure""}]","[{""authenticationStepDateTime"": ""2026-01-08T16:56:00Z"", ""authenticationMethod"": ""Password"", ""authenticationMethodDetail"": ""Password"", ""authenticationStepResultDetail"": ""Success"", ""succeeded"": true}, {""authenticationStepDateTime"": ""2026-01-07T13:14:00Z"", ""authenticationMethod"": ""FIDO2"", ""authenticationMethodDetail"": ""Security Key"", ""authenticationStepResultDetail"": ""MFA required but not satisfied"", ""succeeded"": false}]",0ca663aa-8901-411d-8468-4cd2350ed509,svc-backup,52798723-afa9-4e5b-9357-39477ed28a02,SAML,"[{""key"": ""TokenProtection"", ""value"": ""disabled""}]"
2025-12-17T09:43:00Z,bob@evilcorp.com,5.62.41.22,Microsoft Teams,Browser,Microsoft Office/16.0 (Windows NT 10.0; Microsoft Outlook 16.0.17029; Pro),81184e6a-f488-46ad-8133-bce2b9876714,6061dd85-83a7-4210-938d-3121ff6caeac,50074,50074,MFA required.,InvalidGrant,none,none,none,FR,Île-de-France,Paris,success,multiFactorAuthentication,Authenticator,OTP,Microsoft Graph,c21315b3-f4a4-4239-a9fb-835aa2a87144,f63a9e2d-5ba9-458f-a89a-d80cdce75536,nonInteractiveUser,[],"[{""authenticationStepDateTime"": ""2026-01-09T07:01:00Z"", ""authenticationMethod"": ""Password"", ""authenticationMethodDetail"": ""Password"", ""authenticationStepResultDetail"": ""Success"", ""succeeded"": true}, {""authenticationStepDateTime"": ""2026-01-09T19:36:00Z"", ""authenticationMethod"": ""SMS"", ""authenticationMethodDetail"": ""OTP"", ""authenticationStepResultDetail"": ""MFA required but not satisfied"", ""succeeded"": true}]",6edde016-40fd-4e6e-8e65-cc40de27886a,svc-payroll,,OAuth2.0,"[{""key"": ""TokenProtection"", ""value"": ""enabled""}]"
2026-01-04T19:10:00Z,cfo@evilcorp.com,2.139.88.10,Microsoft Teams,Browser,Microsoft Office/16.0 (Windows NT 10.0; Microsoft Outlook 16.0.17029; Pro),,b9b0f9db-1ee3-45c4-8540-708df0b28863,0,0,,,none,none,none,ES,Catalonia,Barcelona,failure,singleFactorAuthentication,,Push,Office 365 Exchange Online,b59d8e5f-ac6d-41cf-9f22-61714237becf,715e3459-9b59-4b11-af67-65cde9c7ad56,nonInteractiveUser,"[{""id"": ""920c20a7-a1eb-4434-9054-f9ee82a29a68"", ""displayName"": ""Block legacy auth"", ""enforcedGrantControls"": [""mfa""], ""result"": ""success""}]","[{""authenticationStepDateTime"": ""2026-01-09T20:39:00Z"", ""authenticationMethod"": ""Password"", ""authenticationMethodDetail"": ""Password"", ""authenticationStepResultDetail"": ""Success"", ""succeeded"": true}, {""authenticationStepDateTime"": ""2026-01-09T23:28:00Z"", ""authenticationMethod"": ""SMS"", ""authenticationMethodDetail"": ""OTP"", ""authenticationStepResultDetail"": ""User did not respond"", ""succeeded"": true}]",fc8d8136-78a7-47c5-83f7-100be77ea810,svc-etl,,SAML,"[{""key"": ""TokenProtection"", ""value"": ""disabled""}]"
2025-12-26T05:46:00Z,cfo@evilcorp.com,104.26.12.88,Microsoft 365 Admin Center,Mobile Apps and Desktop clients,Mozilla/5.0 (Linux; Android 14) AppleWebKit/537.36 Chrome/119.0 Mobile,,d5d10305-ee26-49cc-89f4-e8ab530bbeaf,50076,50076,Account is locked.,AccountLocked,none,none,none,DE,Berlin,Berlin,notApplied,multiFactorAuthentication,,Push,Office 365 Exchange Online,c7f1a203-a9e7-4797-9a69-a1bcdffd8a2a,ce5031d4-9cd5-4711-8559-5228c09b59d3,nonInteractiveUser,[],"[{""authenticationStepDateTime"": ""2026-01-08T23:32:00Z"", ""authenticationMethod"": ""Password"", ""authenticationMethodDetail"": ""Password"", ""authenticationStepResultDetail"": ""Success"", ""succeeded"": true}, {""authenticationStepDateTime"": ""2026-01-07T02:50:00Z"", ""authenticationMethod"": ""FIDO2"", ""authenticationMethodDetail"": ""Security Key"", ""authenticationStepResultDetail"": ""MFA required but not satisfied"", ""succeeded"": true}]",149840ac-4711-439c-a092-65e94d74b7e5,svc-etl,,SAML,"[{""key"": ""TokenProtection"", ""value"": ""enabled""}]"
2025-12-31T23:38:00Z,cfo@evilcorp.com,83.45.12.33,Microsoft 365 Admin Center,Exchange ActiveSync,Mozilla/5.0 (Windows NT 10.0; Win64; x64) AppleWebKit/537.36 Chrome/120.0,,b6227266-4bab-4bc7-897d-aacb4ded7d88,50053,50053,MFA required.,MFARequired,none,none,none,ES,Catalonia,Barcelona,unknown,multiFactorAuthentication,,Push,SharePoint,5abdd470-1b17-4f7b-8cda-6aba0605fdaa,a7ebbbf9-e923-4e80-9394-e88cd0019fcf,nonInteractiveUser,"[{""id"": ""41ae90da-5c61-4817-a6b5-85ac4e9bed7e"", ""displayName"": ""Require compliant device"", ""enforcedGrantControls"": [""mfa"", ""compliantDevice""], ""result"": ""notApplied""}, {""id"": ""f53af470-c07d-4c7b-88ff-7976830a7301"", ""displayName"": ""Require compliant device"", ""enforcedGrantControls"": [""mfa""], ""result"": ""success""}, {""id"": ""0921806d-27b0-4782-98ce-30abba8d31bc"", ""displayName"": ""Require compliant device"", ""enforcedGrantControls"": [""mfa""], ""result"": ""notApplied""}]","[{""authenticationStepDateTime"": ""2026-01-10T09:16:00Z"", ""authenticationMethod"": ""Password"", ""authenticationMethodDetail"": ""Password"", ""authenticationStepResultDetail"": ""Success"", ""succeeded"": true}]",07fc3c27-6143-4740-b6a7-91fbf0b19340,svc-etl,,SAML,"[{""key"": ""TokenProtection"", ""value"": ""enabled""}]"
2025-12-18T18:26:00Z,bob@evilcorp.com,20.190.128.12,SharePoint Online,Exchange ActiveSync,Mozilla/5.0 (Windows NT 10.0; Win64; x64) AppleWebKit/537.36 Chrome/120.0,,542a2226-678f-4e37-af64-bfdc973c03ce,50058,50058,Token issuer anomaly detected.,InvalidGrant,low,remediated,tokenIssuerAnomaly,ES,Madrid,Madrid,unknown,none,,,Office 365 Exchange Online,86340869-643b-46d2-9386-db210ec36de5,e288a242-625a-48b8-bcb8-8cf9199ad0be,nonInteractiveUser,"[{""id"": ""29b1ed8e-4c87-463d-8801-cb6052133aca"", ""displayName"": ""Require MFA for admins"", ""enforcedGrantControls"": [""mfa""], ""result"": ""notApplied""}, {""id"": ""bdecf283-b4ca-492b-9eed-4f4e5972f9a5"", ""displayName"": ""Block legacy auth"", ""enforcedGrantControls"": [""mfa"", ""compliantDevice""], ""result"": ""failure""}, {""id"": ""ae73c848-78cb-4bfe-a164-8c6c57f49b78"", ""displayName"": ""Require compliant device"", ""enforcedGrantControls"": [""compliantDevice""], ""result"": ""notApplied""}]","[{""authenticationStepDateTime"": ""2026-01-08T14:40:00Z"", ""authenticationMethod"": ""Password"", ""authenticationMethodDetail"": ""Password"", ""authenticationStepResultDetail"": ""Success"", ""succeeded"": true}, {""authenticationStepDateTime"": ""2026-01-08T05:21:00Z"", ""authenticationMethod"": ""FIDO2"", ""authenticationMethodDetail"": ""Push"", ""authenticationStepResultDetail"": ""Success"", ""succeeded"": true}]",c7bed622-6fa8-4463-87f5-bba39f2ab682,svc-backup,,OAuth2.0,"[{""key"": ""TokenProtection"", ""value"": ""enabled""}]"
2025-12-25T07:03:00Z,alice@evilcorp.com,5.62.41.22,Azure Portal,IMAP4,Mozilla/5.0 (Windows NT 10.0; Win64; x64) AppleWebKit/537.36 Chrome/120.0,1e7a628e-1b93-4111-90ab-6b77b3237590,578e8303-f1bc-4f3e-af0b-cdb8dfa3f6bf,0,0,,,none,none,none,US,Virginia,Ashburn,success,singleFactorAuthentication,Authenticator,Push,Microsoft Graph,3b37614a-b554-476c-b5ca-c40680f3b30e,c835b133-ce49-476a-a668-e38de7a83887,nonInteractiveUser,"[{""id"": ""62d66b73-2da2-453b-9931-eb3fa84c3dc4"", ""displayName"": ""Require compliant device"", ""enforcedGrantControls"": [""mfa"", ""compliantDevice""], ""result"": ""failure""}]","[{""authenticationStepDateTime"": ""2026-01-07T09:34:00Z"", ""authenticationMethod"": ""Password"", ""authenticationMethodDetail"": ""Password"", ""authenticationStepResultDetail"": ""Success"", ""succeeded"": true}, {""authenticationStepDateTime"": ""2026-01-07T06:25:00Z"", ""authenticationMethod"": ""SMS"", ""authenticationMethodDetail"": ""OTP"", ""authenticationStepResultDetail"": ""MFA required but not satisfied"", ""succeeded"": true}]",92dae3cc-09e3-4eff-b126-9326baa3403f,svc-etl,,SAML,"[{""key"": ""TokenProtection"", ""value"": ""enabled""}]"
2026-01-02T02:56:00Z,it.admin@evilcorp.com,185.199.110.42,Microsoft Teams,Browser,Microsoft Office/16.0 (Windows NT 10.0; Microsoft Outlook 16.0.17029; Pro),,da162ab9-df7a-40d6-8f43-cc6b68f8920e,50053,50053,MFA required.,InvalidGrant,none,none,none,FR,Île-de-France,Paris,failure,multiFactorAuthentication,,Push,Office 365 Exchange Online,404826e7-35cd-4cb7-9edb-9800becd19eb,fb0d929a-fda3-4c24-bc71-60b2a409dca5,nonInteractiveUser,"[{""id"": ""1995490f-fdb6-4c9e-9642-0adf6c0302d9"", ""displayName"": ""Require MFA for admins"", ""enforcedGrantControls"": [""mfa""], ""result"": ""notApplied""}, {""id"": ""af7d9387-27bb-46ec-96af-0dbbf5d8b882"", ""displayName"": ""Require compliant device"", ""enforcedGrantControls"": [""mfa""], ""result"": ""notApplied""}]","[{""authenticationStepDateTime"": ""2026-01-09T10:15:00Z"", ""authenticationMethod"": ""Password"", ""authenticationMethodDetail"": ""Password"", ""authenticationStepResultDetail"": ""Success"", ""succeeded"": true}]",37c77006-9019-40a4-8f23-1fcadc0bddeb,svc-payroll,da42255b-6400-4427-9bee-fec187bcd782,OAuth2.0,"[{""key"": ""TokenProtection"", ""value"": ""enabled""}]"
2025-12-25T00:30:00Z,bob@evilcorp.com,83.45.12.33,Microsoft Teams,Mobile Apps and Desktop clients,Microsoft Office/16.0 (Windows NT 10.0; Microsoft Outlook 16.0.17029; Pro),,81e2586c-12e9-4ad4-b2a4-dd09758474e1,50074,50074,User did not complete MFA.,MFARequired,none,none,none,US,Virginia,Ashburn,notApplied,multiFactorAuthentication,,Security Key,SharePoint,c11cf4b6-c11d-4448-b6db-0fa918f00a7e,181f790f-b201-49b2-bc40-ecd8fb163945,nonInteractiveUser,"[{""id"": ""c511a28d-eed7-402d-a8c0-e94cbe6b0063"", ""displayName"": ""Require compliant device"", ""enforcedGrantControls"": [""mfa""], ""result"": ""success""}, {""id"": ""f1ca8e55-ed53-4cf1-961a-ca324ac82f6a"", ""displayName"": ""Require compliant device"", ""enforcedGrantControls"": [""mfa"", ""compliantDevice""], ""result"": ""notApplied""}, {""id"": ""c045bc5c-2b54-4fc5-a775-79f818326d83"", ""displayName"": ""Block legacy auth"", ""enforcedGrantControls"": [""mfa""], ""result"": ""notApplied""}]","[{""authenticationStepDateTime"": ""2026-01-07T12:55:00Z"", ""authenticationMethod"": ""Password"", ""authenticationMethodDetail"": ""Password"", ""authenticationStepResultDetail"": ""Success"", ""succeeded"": true}]",f78248e7-4dc9-45c2-b07e-0d1d5ac077c3,svc-etl,21355a3f-5917-4176-a846-6b807ccf05c9,SAML,"[{""key"": ""TokenProtection"", ""value"": ""disabled""}]"
2026-01-02T18:28:00Z,cfo@evilcorp.com,104.26.12.88,SharePoint Online,Other clients,Mozilla/5.0 (Linux; Android 14) AppleWebKit/537.36 Chrome/119.0 Mobile,,307a5e8c-05a7-424c-ab4b-008dbe844d8d,50074,50074,User did not complete MFA.,InvalidGrant,low,confirmedSafe,anonymousIPAddress,FR,Île-de-France,Paris,success,multiFactorAuthentication,,Security Key,Office 365 Exchange Online,eba205b0-18a6-4e81-9594-cb44ebebffbb,9490089d-746d-4bca-9cba-6f759cf8bb6c,nonInteractiveUser,"[{""id"": ""754d529e-f7ff-485f-81da-2b3805813a0d"", ""displayName"": ""Block legacy auth"", ""enforcedGrantControls"": [""compliantDevice""], ""result"": ""failure""}, {""id"": ""3a042e66-d4d4-4186-8137-6fcd08d09bda"", ""displayName"": ""Require compliant device"", ""enforcedGrantControls"": [""compliantDevice""], ""result"": ""failure""}]","[{""authenticationStepDateTime"": ""2026-01-07T16:51:00Z"", ""authenticationMethod"": ""Password"", ""authenticationMethodDetail"": ""Password"", ""authenticationStepResultDetail"": ""Success"", ""succeeded"": true}]",e3c6860e-0540-4dc6-92e8-be5250e34abc,svc-backup,,SAML,"[{""key"": ""TokenProtection"", ""value"": ""enabled""}]"

